[
  {
    "value": "forward",
    "synonyms": [
      "forward",
      "onwards",
      "go",
      "forwards",
      "move forward",
      "start",
      "begin",
      "rare pepe"
    ]
  },
  {
    "value": "left",
    "synonyms": [
      "left",
      "go left",
      "west",
      "move left",
      "turn left"
    ]
  },
  {
    "value": "right",
    "synonyms": [
      "right",
      "go right",
      "east",
      "move right",
      "turn right"
    ]
  },
  {
    "value": "stop",
    "synonyms": [
      "stop",
      "brake",
      "handbrake",
      "stand still",
      "don\u0027t move",
      "full stop",
      "houston we have a problem"
    ]
  },
  {
    "value": "reverse",
    "synonyms": [
      "reverse",
      "backward",
      "backwards",
      "move back",
      "go back"
    ]
  },
  {
    "value": "increase",
    "synonyms": [
      "increase",
      "accelerate",
      "faster",
      "go faster",
      "more speed",
      "more power"
    ]
  },
  {
    "value": "decrease",
    "synonyms": [
      "decrease",
      "decelerate",
      "slower",
      "go slower",
      "less speed",
      "less power",
      "chill dude"
    ]
  }
]